raw,count,normalized,suggested_canonical,score
Men | Athleisure Cooling,146,men athleisure cooling,Men Athleisure Cooling,100
men | athleisure cooling,66,men athleisure cooling,Men Athleisure Cooling,100
Men-Athleisure Cooling,58,men athleisure cooling,Men Athleisure Cooling,100
Men_|_Athleisure_Cooling,57,men athleisure cooling,Men Athleisure Cooling,100
MEN | ATHLEISURE COOLING,53,men athleisure cooling,Men Athleisure Cooling,100
Men  |  Athleisure  Cooling,45,men athleisure cooling,Men Athleisure Cooling,100
m n | athleisure cooling,3,m n athleisure cooling,Men Athleisure Cooling,80
Men |Athleisure Cooling,1,men athleisure cooling,Men Athleisure Cooling,100
Men-thleisure Cooling,1,men thleisure cooling,Men Athleisure Cooling,80
Men | Athleisur- Cooling,1,men athleisur cooling,Men Athleisure Cooling,80
Men | Ath eisure Cooling,1,men ath eisure cooling,Men Athleisure Cooling,80
Men_|_Athleiure_Cooling,1,men athleiure cooling,Men Athleisure Cooling,80
Men   Athleisure Cooling,1,men athleisure cooling,Men Athleisure Cooling,100
Men  |  Athleisure  Coling,1,men athleisure coling,Men Athleisure Cooling,80
Men_|_Atleisure_Cooling,1,men atleisure cooling,Men Athleisure Cooling,80
men | athlisure cooling,1,men athlisure cooling,Men Athleisure Cooling,80
Men -|  Athleisure  Cooling,1,men athleisure cooling,Men Athleisure Cooling,100
Men | Athlei-ure Cooling,1,men athlei ure cooling,Men Athleisure Cooling,80
Men | Athlei ure Cooling,1,men athlei ure cooling,Men Athleisure Cooling,80
MEN| ATHLEISURE COOLING,1,men athleisure cooling,Men Athleisure Cooling,100
Men  |  Athlei ure  Cooling,1,men athlei ure cooling,Men Athleisure Cooling,80
mn | athleisure cooling,1,mn athleisure cooling,Men Athleisure Cooling,80
Men | Athleis re Cooling,1,men athleis re cooling,Men Athleisure Cooling,80
Men  |  Athleisure  Co ling,1,men athleisure co ling,Men Athleisure Cooling,80
Men | thleisure Cooling,1,men thleisure cooling,Men Athleisure Cooling,80
Me- | Athleisure Cooling,1,me athleisure cooling,Men Athleisure Cooling,80
Men  |  Athleisure Cooling,1,men athleisure cooling,Men Athleisure Cooling,100
Men-Athleisure Cooli-g,1,men athleisure cooli g,Men Athleisure Cooling,80
MEN | ATHLEISURECOOLING,1,men athleisurecooling,Men Athleisure Cooling,80
Men Bold Colors Drop,204,men bold colors drop,Men Bold Colors Drop,100
MEN BOLD COLORS DROP,61,men bold colors drop,Men Bold Colors Drop,100
men bold colors drop,53,men bold colors drop,Men Bold Colors Drop,100
Men  Bold  Colors  Drop,53,men bold colors drop,Men Bold Colors Drop,100
Men_Bold_Colors_Drop,49,men bold colors drop,Men Bold Colors Drop,100
MEN BLD COLORS DROP,1,men bld colors drop,Men Bold Colors Drop,80
Men Bold C-lors Drop,1,men bold c lors drop,Men Bold Colors Drop,80
Men Bold -olors Drop,1,men bold olors drop,Men Bold Colors Drop,80
Men  old  Colors  Drop,1,men old colors drop,Men Bold Colors Drop,80
Men Bol Colors Drop,1,men bol colors drop,Men Bold Colors Drop,80
Men BoldColors Drop,1,men boldcolors drop,Men Bold Colors Drop,80
Men -old Colors Drop,1,men old colors drop,Men Bold Colors Drop,80
MEN BOLD COL RS DROP,1,men bold col rs drop,Men Bold Colors Drop,80
Men-Bold Colors Drop,1,men bold colors drop,Men Bold Colors Drop,100
Men B-ld Colors Drop,1,men b ld colors drop,Men Bold Colors Drop,80
me bold colors drop,1,me bold colors drop,Men Bold Colors Drop,80
Men B ld Colors Drop,1,men b ld colors drop,Men Bold Colors Drop,80
men bo-d colors drop,1,men bo d colors drop,Men Bold Colors Drop,80
Men Bold Col-rs Drop,1,men bold col rs drop,Men Bold Colors Drop,80
MEN BOL COLORS DROP,1,men bol colors drop,Men Bold Colors Drop,80
Men   old  Colors  Drop,1,men old colors drop,Men Bold Colors Drop,80
Men Bold Colors Dr p,1,men bold colors dr p,Men Bold Colors Drop,80
Men  Bold  Coors  Drop,1,men bold coors drop,Men Bold Colors Drop,80
Men_Bold_Co ors_Drop,1,men bold co ors drop,Men Bold Colors Drop,80
Men Bold Color- Drop,1,men bold color drop,Men Bold Colors Drop,80
Me-_Bold_Colors_Drop,1,me bold colors drop,Men Bold Colors Drop,80
MEN B LD COLORS DROP,1,men b ld colors drop,Men Bold Colors Drop,80
M-n Bold Colors Drop,1,m n bold colors drop,Men Bold Colors Drop,80
Men Bold Colo s Drop,1,men bold colo s drop,Men Bold Colors Drop,80
men bold clors drop,1,men bold clors drop,Men Bold Colors Drop,80
MEN BOLD  OLORS DROP,1,men bold olors drop,Men Bold Colors Drop,80
Men Bold Colors-Drop,1,men bold colors drop,Men Bold Colors Drop,100
men bld colors drop,1,men bld colors drop,Men Bold Colors Drop,80
Men Bold Colors  rop,1,men bold colors rop,Men Bold Colors Drop,80
Men Bold Colo-s Drop,1,men bold colo s drop,Men Bold Colors Drop,80
Men ComfortMax Launch,155,men comfortmax launch,Men ComfortMax Launch,100
Men_ComfortMax_Launch,69,men comfortmax launch,Men ComfortMax Launch,100
Men Comfortmax Launch,55,men comfortmax launch,Men ComfortMax Launch,100
Men  ComfortMax  Launch,51,men comfortmax launch,Men ComfortMax Launch,100
men comfortmax launch,44,men comfortmax launch,Men ComfortMax Launch,100
MEN COMFORTMAX LAUNCH,40,men comfortmax launch,Men ComfortMax Launch,100
Men Comf-rtMax Launch,3,men comf rtmax launch,Men ComfortMax Launch,80
Men ComfortMax Lau-ch,2,men comfortmax lau ch,Men ComfortMax Launch,80
Men Comfortmax Lau ch,1,men comfortmax lau ch,Men ComfortMax Launch,80
Men ComfortMax Lunch,1,men comfortmax lunch,Men ComfortMax Launch,80
men co fortmax launch,1,men co fortmax launch,Men ComfortMax Launch,80
Men  CofortMax  Launch,1,men cofortmax launch,Men ComfortMax Launch,80
MEN COMFORTMAX  AUNCH,1,men comfortmax aunch,Men ComfortMax Launch,80
Men  C-mfortMax  Launch,1,men c mfortmax launch,Men ComfortMax Launch,80
MenComfortmax Launch,1,mencomfortmax launch,Men ComfortMax Launch,80
men comfotmax launch,1,men comfotmax launch,Men ComfortMax Launch,80
en_ComfortMax_Launch,1,en comfortmax launch,Men ComfortMax Launch,80
Men ComforMax Launch,1,men comformax launch,Men ComfortMax Launch,80
men comfor-max launch,1,men comfor max launch,Men ComfortMax Launch,80
Men  Co fortMax  Launch,1,men co fortmax launch,Men ComfortMax Launch,80
en comfortmax launch,1,en comfortmax launch,Men ComfortMax Launch,80
Men_Com-ortMax_Launch,1,men com ortmax launch,Men ComfortMax Launch,80
Men Comfo tmax Launch,1,men comfo tmax launch,Men ComfortMax Launch,80
Men ComfortMax_Launch,1,men comfortmax launch,Men ComfortMax Launch,100
MEN COMF RTMAX LAUNCH,1,men comf rtmax launch,Men ComfortMax Launch,80
Men  Comf rtMax  Launch,1,men comf rtmax launch,Men ComfortMax Launch,80
Mn ComfortMax Launch,1,mn comfortmax launch,Men ComfortMax Launch,80
Men ComfortMax L unch,1,men comfortmax l unch,Men ComfortMax Launch,80
MEN COMFORTMA LAUNCH,1,men comfortma launch,Men ComfortMax Launch,80
Men Comfortma- Launch,1,men comfortma launch,Men ComfortMax Launch,80
Men_Co fortMax_Launch,1,men co fortmax launch,Men ComfortMax Launch,80
Men  C mfortMax  Launch,1,men c mfortmax launch,Men ComfortMax Launch,80
Men  ComfortMa-  Launch,1,men comfortma launch,Men ComfortMax Launch,80
men omfortmax launch,1,men omfortmax launch,Men ComfortMax Launch,80
Men Comfo tMax Launch,1,men comfo tmax launch,Men ComfortMax Launch,80
Men-Comfortmax Launch,1,men comfortmax launch,Men ComfortMax Launch,100
Men_Comf-rtMax_Launch,1,men comf rtmax launch,Men ComfortMax Launch,80
Men Comfort-ax Launch,1,men comfort ax launch,Men ComfortMax Launch,80
Men Comfortmax Lunch,1,men comfortmax lunch,Men ComfortMax Launch,80
Men Premium Modal,234,men premium modal,Men Premium Modal,100
MEN PREMIUM MODAL,52,men premium modal,Men Premium Modal,100
Men  Premium  Modal,51,men premium modal,Men Premium Modal,100
Men_Premium_Modal,48,men premium modal,Men Premium Modal,100
men premium modal,44,men premium modal,Men Premium Modal,100
Men -remium Modal,1,men remium modal,Men Premium Modal,80
Men Premium M-dal,1,men premium m dal,Men Premium Modal,80
Men  remium Modal,1,men remium modal,Men Premium Modal,80
ME- PREMIUM MODAL,1,me premium modal,Men Premium Modal,80
MEN PREM-UM MODAL,1,men prem um modal,Men Premium Modal,80
Men Premium -odal,1,men premium odal,Men Premium Modal,80
Men Premiu- Modal,1,men premiu modal,Men Premium Modal,80
MEN PREMIUM -ODAL,1,men premium odal,Men Premium Modal,80
Men Premium Mod-l,1,men premium mod l,Men Premium Modal,80
Me  Premium Modal,1,me premium modal,Men Premium Modal,80
Me   Premium  Modal,1,me premium modal,Men Premium Modal,80
Men remium Modal,1,men remium modal,Men Premium Modal,80
MEN PREMIUM MOD-L,1,men premium mod l,Men Premium Modal,80
Me- Premium Modal,1,me premium modal,Men Premium Modal,80
Men Prem um Modal,1,men prem um modal,Men Premium Modal,80
Men  remium  Modal,1,men remium modal,Men Premium Modal,80
Men-Premium Modal,1,men premium modal,Men Premium Modal,100
Men Pre ium Modal,1,men pre ium modal,Men Premium Modal,80
 en Premium Modal,1,en premium modal,Men Premium Modal,80
Men- Premium  Modal,1,men premium modal,Men Premium Modal,100
Men Pr-mium Modal,1,men pr mium modal,Men Premium Modal,80
MEN Signature Soft,164,men signature soft,Men Signature Soft,100
MEN  Signature  Soft,57,men signature soft,Men Signature Soft,100
men signature soft,56,men signature soft,Men Signature Soft,100
MEN SIGNATURE SOFT,54,men signature soft,Men Signature Soft,100
MEN_Signature_Soft,43,men signature soft,Men Signature Soft,100
Men Signature Soft,41,men signature soft,Men Signature Soft,100
MEN -ignature Soft,2,men ignature soft,Men Signature Soft,80
MEN Sign-ture Soft,2,men sign ture soft,Men Signature Soft,80
MEN_Signa ure_Soft,1,men signa ure soft,Men Signature Soft,80
MEN SIGATURE SOFT,1,men sigature soft,Men Signature Soft,80
MEN  Signture  Soft,1,men signture soft,Men Signature Soft,80
ME  Signature Soft,1,me signature soft,Men Signature Soft,80
Men Signture Soft,1,men signture soft,Men Signature Soft,80
men sig ature soft,1,men sig ature soft,Men Signature Soft,80
MEN Signa-ure Soft,1,men signa ure soft,Men Signature Soft,80
MEN Signature Sot,1,men signature sot,Men Signature Soft,80
MEN SIGNATUR  SOFT,1,men signatur soft,Men Signature Soft,80
Men Sigature Soft,1,men sigature soft,Men Signature Soft,80
men s gnature soft,1,men s gnature soft,Men Signature Soft,80
MEN Signatue Soft,1,men signatue soft,Men Signature Soft,80
Men Sig-ature Soft,1,men sig ature soft,Men Signature Soft,80
MEN_ ignature_Soft,1,men ignature soft,Men Signature Soft,80
MEN Si nature Soft,1,men si nature soft,Men Signature Soft,80
-EN Signature Soft,1,en signature soft,Men Signature Soft,80
MEN Signature Sft,1,men signature sft,Men Signature Soft,80
MEN_Signature_S ft,1,men signature s ft,Men Signature Soft,80
MEN SIGNATURE S-FT,1,men signature s ft,Men Signature Soft,80
MEN  Si-nature  Soft,1,men si nature soft,Men Signature Soft,80
MEN Sigature Soft,1,men sigature soft,Men Signature Soft,80
MEN-SIGNATURE SOFT,1,men signature soft,Men Signature Soft,100
MEN Sinature Soft,1,men sinature soft,Men Signature Soft,80
MEN Signature  oft,1,men signature oft,Men Signature Soft,80
MEN_Signatu e_Soft,1,men signatu e soft,Men Signature Soft,80
MEN SIGNATURE SOT,1,men signature sot,Men Signature Soft,80
MEN Signature-Soft,1,men signature soft,Men Signature Soft,100
MEN_Si nature_Soft,1,men si nature soft,Men Signature Soft,80
men signa ure soft,1,men signa ure soft,Men Signature Soft,80
MEN Signatre Soft,1,men signatre soft,Men Signature Soft,80
MEN Signatu e Soft,1,men signatu e soft,Men Signature Soft,80
WOMEN Cotton Classics,155,women cotton classics,Women Cotton Classics,100
women cotton classics,53,women cotton classics,Women Cotton Classics,100
Women Cotton Classics,53,women cotton classics,Women Cotton Classics,100
WOMEN  Cotton  Classics,52,women cotton classics,Women Cotton Classics,100
WOMEN_Cotton_Classics,48,women cotton classics,Women Cotton Classics,100
WOMEN COTTON CLASSICS,47,women cotton classics,Women Cotton Classics,100
women co ton classics,2,women co ton classics,Women Cotton Classics,80
WOMEN C tton Classics,2,women c tton classics,Women Cotton Classics,80
Women Co-ton Classics,2,women co ton classics,Women Cotton Classics,80
WOMEN Coton Classics,2,women coton classics,Women Cotton Classics,80
WOMEN COTTON CLASSIS,1,women cotton classis,Women Cotton Classics,80
WOMEN COTTON LASSICS,1,women cotton lassics,Women Cotton Classics,80
WMEN Cotton Classics,1,wmen cotton classics,Women Cotton Classics,80
women c-tton classics,1,women c tton classics,Women Cotton Classics,80
WOMN_Cotton_Classics,1,womn cotton classics,Women Cotton Classics,80
WOMN Cotton Classics,1,womn cotton classics,Women Cotton Classics,80
w men cotton classics,1,w men cotton classics,Women Cotton Classics,80
WOMEN  Cotton  Cla-sics,1,women cotton cla sics,Women Cotton Classics,80
w-men cotton classics,1,w men cotton classics,Women Cotton Classics,80
WOMEN_Cot-on_Classics,1,women cot on classics,Women Cotton Classics,80
Women Cottn Classics,1,women cottn classics,Women Cotton Classics,80
womn cotton classics,1,womn cotton classics,Women Cotton Classics,80
 OMEN COTTON CLASSICS,1,omen cotton classics,Women Cotton Classics,80
Women Cotton Clas ics,1,women cotton clas ics,Women Cotton Classics,80
WOMEN Cotton Cla-sics,1,women cotton cla sics,Women Cotton Classics,80
WOEN  Cotton  Classics,1,woen cotton classics,Women Cotton Classics,80
 OMEN  Cotton  Classics,1,omen cotton classics,Women Cotton Classics,80
WOMEN  Cotton  Cl-ssics,1,women cotton cl ssics,Women Cotton Classics,80
W MEN Cotton Classics,1,w men cotton classics,Women Cotton Classics,80
WOMEN_Cotton_Clas ics,1,women cotton clas ics,Women Cotton Classics,80
Women Cotton lassics,1,women cotton lassics,Women Cotton Classics,80
WOMEN Cotton Classis,1,women cotton classis,Women Cotton Classics,80
WOMEN otton Classics,1,women otton classics,Women Cotton Classics,80
women cotton clasics,1,women cotton clasics,Women Cotton Classics,80
WOMEN Cot-on Classics,1,women cot on classics,Women Cotton Classics,80
Wom-n Cotton Classics,1,wom n cotton classics,Women Cotton Classics,80
WOMEN_otton_Classics,1,women otton classics,Women Cotton Classics,80
WomenCotton Classics,1,womencotton classics,Women Cotton Classics,80
WOMEN COTTON CLASS-CS,1,women cotton class cs,Women Cotton Classics,80
Women Cotton Classis,1,women cotton classis,Women Cotton Classics,80
WOMEN Ctton Classics,1,women ctton classics,Women Cotton Classics,80
women cott n classics,1,women cott n classics,Women Cotton Classics,80
WOMEN  Cotto-  Classics,1,women cotto classics,Women Cotton Classics,80
Women C-tton Classics,1,women c tton classics,Women Cotton Classics,80
Women Fit & Lift,143,women fit lift,Women Fit Lift,100
WOMEN FIT & LIFT,63,women fit lift,Women Fit Lift,100
Women  Fit  &  Lift,61,women fit lift,Women Fit Lift,100
women fit & lift,54,women fit lift,Women Fit Lift,100
Women_Fit_&_Lift,52,women fit lift,Women Fit Lift,100
Women Fit and Lift,39,women fit and lift,Women Fit Lift,80
WOMEN FIT & -IFT,2,women fit ift,Women Fit Lift,80
Wom n Fit & Lift,2,wom n fit lift,Women Fit Lift,80
W MEN FIT & LIFT,2,w men fit lift,Women Fit Lift,80
Wo en Fit & Lift,1,wo en fit lift,Women Fit Lift,80
women fit & li t,1,women fit li t,Women Fit Lift,80
Women Fit & ift,1,women fit ift,Women Fit Lift,80
women fit-& lift,1,women fit lift,Women Fit Lift,100
WOMEN-FIT & LIFT,1,women fit lift,Women Fit Lift,100
Women_-it_&_Lift,1,women it lift,Women Fit Lift,80
Women Fi  & Lift,1,women fi lift,Women Fit Lift,80
Wome  Fit and Lift,1,wome fit and lift,Women Fit Lift,80
Women F t & Lift,1,women f t lift,Women Fit Lift,80
Wmen_Fit_&_Lift,1,wmen fit lift,Women Fit Lift,80
Women it & Lift,1,women it lift,Women Fit Lift,80
Women Fit  Lift,1,women fit lift,Women Fit Lift,100
WOEN FIT & LIFT,1,woen fit lift,Women Fit Lift,80
W men Fit & Lift,1,w men fit lift,Women Fit Lift,80
Women  -it  &  Lift,1,women it lift,Women Fit Lift,80
Wo en  Fit  &  Lift,1,wo en fit lift,Women Fit Lift,80
Women Fit& Lift,1,women fit lift,Women Fit Lift,100
Wome  Fit & Lift,1,wome fit lift,Women Fit Lift,80
Women  it & Lift,1,women it lift,Women Fit Lift,80
Women  Fit     Lift,1,women fit lift,Women Fit Lift,100
Wom n  Fit  &  Lift,1,wom n fit lift,Women Fit Lift,80
WOMEN FIT  LIFT,1,women fit lift,Women Fit Lift,100
Wo-en Fit & Lift,1,wo en fit lift,Women Fit Lift,80
Women  Fit  &  Lft,1,women fit lft,Women Fit Lift,80
Women -it & Lift,1,women it lift,Women Fit Lift,80
w men fit & lift,1,w men fit lift,Women Fit Lift,80
Woen Fit and Lift,1,woen fit and lift,Women Fit Lift,80
wo en fit & lift,1,wo en fit lift,Women Fit Lift,80
Wom-n Fit & Lift,1,wom n fit lift,Women Fit Lift,80
W-men Fit & Lift,1,w men fit lift,Women Fit Lift,80
WOM N FIT & LIFT,1,wom n fit lift,Women Fit Lift,80
women fit & ift,1,women fit ift,Women Fit Lift,80
WOMEN Seamless Everyday,166,women seamless everyday,Women Seamless Everyday,100
WOMEN_Seamless_Everyday,55,women seamless everyday,Women Seamless Everyday,100
WOMEN  Seamless  Everyday,53,women seamless everyday,Women Seamless Everyday,100
women seamless everyday,51,women seamless everyday,Women Seamless Everyday,100
WOMEN SEAMLESS EVERYDAY,49,women seamless everyday,Women Seamless Everyday,100
Women Seamless Everyday,47,women seamless everyday,Women Seamless Everyday,100
WOMEN  Seamless- Everyday,2,women seamless everyday,Women Seamless Everyday,100
women s amless everyday,2,women s amless everyday,Women Seamless Everyday,80
WOMEN  Seamless  Eve yday,1,women seamless eve yday,Women Seamless Everyday,80
WOMEN eamless Everyday,1,women eamless everyday,Women Seamless Everyday,80
wo-en seamless everyday,1,wo en seamless everyday,Women Seamless Everyday,80
women seaml-ss everyday,1,women seaml ss everyday,Women Seamless Everyday,80
Women Se mless Everyday,1,women se mless everyday,Women Seamless Everyday,80
WOMEN  Seamles   Everyday,1,women seamles everyday,Women Seamless Everyday,80
WOMENSeamless Everyday,1,womenseamless everyday,Women Seamless Everyday,80
WOMEN Seamless Everydy,1,women seamless everydy,Women Seamless Everyday,80
WMEN Seamless Everyday,1,wmen seamless everyday,Women Seamless Everyday,80
Women Semless Everyday,1,women semless everyday,Women Seamless Everyday,80
Women Seamless Eve yday,1,women seamless eve yday,Women Seamless Everyday,80
women seamess everyday,1,women seamess everyday,Women Seamless Everyday,80
WOMEN  -eamless  Everyday,1,women eamless everyday,Women Seamless Everyday,80
WOMEN Seamless Eeryday,1,women seamless eeryday,Women Seamless Everyday,80
women seamless-everyday,1,women seamless everyday,Women Seamless Everyday,100
WOMEN_Seamless_Ever-day,1,women seamless ever day,Women Seamless Everyday,80
WomenSeamless Everyday,1,womenseamless everyday,Women Seamless Everyday,80
WOMEN SEAMLESS EV RYDAY,1,women seamless ev ryday,Women Seamless Everyday,80
WOMEN Semless Everyday,1,women semless everyday,Women Seamless Everyday,80
women seamless everday,1,women seamless everday,Women Seamless Everyday,80
WOMEN SEAM ESS EVERYDAY,1,women seam ess everyday,Women Seamless Everyday,80
WOMEN Seamless E eryday,1,women seamless e eryday,Women Seamless Everyday,80
women seam-ess everyday,1,women seam ess everyday,Women Seamless Everyday,80
WOME SEAMLESS EVERYDAY,1,wome seamless everyday,Women Seamless Everyday,80
WOMEN SEAMLESS EVE YDAY,1,women seamless eve yday,Women Seamless Everyday,80
Women | Studio Sports,140,women studio sports,Women Studio Sports,100
Women_|_Studio_Sports,64,women studio sports,Women Studio Sports,100
Women-Studio Sports,61,women studio sports,Women Studio Sports,100
women | studio sports,60,women studio sports,Women Studio Sports,100
Women  |  Studio  Sports,49,women studio sports,Women Studio Sports,100
WOMEN | STUDIO SPORTS,44,women studio sports,Women Studio Sports,100
Wmen | Studio Sports,1,wmen studio sports,Women Studio Sports,80
Women-Studio -ports,1,women studio ports,Women Studio Sports,80
Women | Stu io Sports,1,women stu io sports,Women Studio Sports,80
Women | Studio  ports,1,women studio ports,Women Studio Sports,80
omen | Studio Sports,1,omen studio sports,Women Studio Sports,80
women-| studio sports,1,women studio sports,Women Studio Sports,100
-omen_|_Studio_Sports,1,omen studio sports,Women Studio Sports,80
Women-Studio Spo-ts,1,women studio spo ts,Women Studio Sports,80
Women-Stud o Sports,1,women stud o sports,Women Studio Sports,80
women | studio sp-rts,1,women studio sp rts,Women Studio Sports,80
Wom n-Studio Sports,1,wom n studio sports,Women Studio Sports,80
Women | Studio Spo-ts,1,women studio spo ts,Women Studio Sports,80
Women | Studi Sports,1,women studi sports,Women Studio Sports,80
Women_|_Studio_ ports,1,women studio ports,Women Studio Sports,80
WOMEN | SUDIO SPORTS,1,women sudio sports,Women Studio Sports,80
Women-Studio Spots,1,women studio spots,Women Studio Sports,80
Women-Studio-Sports,1,women studio sports,Women Studio Sports,100
Women | Stu-io Sports,1,women stu io sports,Women Studio Sports,80
W men-Studio Sports,1,w men studio sports,Women Studio Sports,80
Women_|-Studio_Sports,1,women studio sports,Women Studio Sports,100
Women_|_Studio_Spo ts,1,women studio spo ts,Women Studio Sports,80
Women | Studio Sp rts,1,women studio sp rts,Women Studio Sports,80
Women | tudio Sports,1,women tudio sports,Women Studio Sports,80
Women | Studio Spors,1,women studio spors,Women Studio Sports,80
Women-Studio S orts,1,women studio s orts,Women Studio Sports,80
-omen-Studio Sports,1,omen studio sports,Women Studio Sports,80
women | studio sprts,1,women studio sprts,Women Studio Sports,80
W-men  |  Studio  Sports,1,w men studio sports,Women Studio Sports,80
Women-Studio Spors,1,women studio spors,Women Studio Sports,80
Women  |  Studio Sports,1,women studio sports,Women Studio Sports,100
Wo-en  |  Studio  Sports,1,wo en studio sports,Women Studio Sports,80
women | studio spo ts,1,women studio spo ts,Women Studio Sports,80
women Summer Invisible,152,women summer invisible,Women Summer Invisible,100
women_Summer_Invisible,57,women summer invisible,Women Summer Invisible,100
WOMEN SUMMER INVISIBLE,57,women summer invisible,Women Summer Invisible,100
women  Summer  Invisible,54,women summer invisible,Women Summer Invisible,100
women summer invisible,47,women summer invisible,Women Summer Invisible,100
Women Summer Invisible,46,women summer invisible,Women Summer Invisible,100
 omen Summer Invisible,1,omen summer invisible,Women Summer Invisible,80
women  Summer  -nvisible,1,women summer nvisible,Women Summer Invisible,80
women Summer Invi-ible,1,women summer invi ible,Women Summer Invisible,80
women  -ummer  Invisible,1,women ummer invisible,Women Summer Invisible,80
Women Sum er Invisible,1,women sum er invisible,Women Summer Invisible,80
women Summer Invisi-le,1,women summer invisi le,Women Summer Invisible,80
women Summer In-isible,1,women summer in isible,Women Summer Invisible,80
women_Summer_Inisible,1,women summer inisible,Women Summer Invisible,80
Women Summer In-isible,1,women summer in isible,Women Summer Invisible,80
WOMEN SUMMER INVISIBE,1,women summer invisibe,Women Summer Invisible,80
women Summer In isible,1,women summer in isible,Women Summer Invisible,80
-omen summer invisible,1,omen summer invisible,Women Summer Invisible,80
women  Summer  Invi ible,1,women summer invi ible,Women Summer Invisible,80
women  Summer  Invisib e,1,women summer invisib e,Women Summer Invisible,80
women summer in isible,1,women summer in isible,Women Summer Invisible,80
women summe- invisible,1,women summe invisible,Women Summer Invisible,80
women Su mer Invisible,1,women su mer invisible,Women Summer Invisible,80
women Summ-r Invisible,1,women summ r invisible,Women Summer Invisible,80
WOMEN SUMMER INVSIBLE,1,women summer invsible,Women Summer Invisible,80
omen Summer Invisible,1,omen summer invisible,Women Summer Invisible,80
women Summer Invisble,1,women summer invisble,Women Summer Invisible,80
women s-mmer invisible,1,women s mmer invisible,Women Summer Invisible,80
women  Summ r  Invisible,1,women summ r invisible,Women Summer Invisible,80
wome  Summer Invisible,1,wome summer invisible,Women Summer Invisible,80
women_Summe _Invisible,1,women summe invisible,Women Summer Invisible,80
WOMEN SUMMER I VISIBLE,1,women summer i visible,Women Summer Invisible,80
woen Summer Invisible,1,woen summer invisible,Women Summer Invisible,80
W men Summer Invisible,1,w men summer invisible,Women Summer Invisible,80
women su-mer invisible,1,women su mer invisible,Women Summer Invisible,80
women_Summer_Invisi-le,1,women summer invisi le,Women Summer Invisible,80
wom-n_Summer_Invisible,1,wom n summer invisible,Women Summer Invisible,80
woen  Summer  Invisible,1,woen summer invisible,Women Summer Invisible,80
women Summer  nvisible,1,women summer nvisible,Women Summer Invisible,80
women Summer Inv-sible,1,women summer inv sible,Women Summer Invisible,80
Women Summ-r Invisible,1,women summ r invisible,Women Summer Invisible,80
Women Summer Invisi-le,1,women summer invisi le,Women Summer Invisible,80
womn  Summer  Invisible,1,womn summer invisible,Women Summer Invisible,80
